"Hand #","Date","Stake","My C Won","Final Hand","Hole Cards","Flop","Winner","Position","PF Act","F Act","T Act","R Act","Showdown","Bet PF","Bet F","Bet T","Bet R","Flop Donk","Flop Float","Turn Donk","Turn Float","Turn Probe","River Donk","River Float","River Probe","Flop Call","Turn Call","River Call","Hole Cards Text","Flop Text","Turn Text","River Text"
"19335883466","2019/12/15  7:17 pm","€0.04 NL (6 max)","-€0.20","(folded flop)","8080000","41204","Eratoon","CO","RC","F","","","false","€0.20","€0.00","€0.00","€0.00","","","","","","","","","false","","","8d 8c  ","4h Qh 4c","",""
"19335874761","2019/12/15  7:15 pm","€0.04 NL (6 max)","€0.42","(did not show hand)","13120000","20702","Radames06","BTN","R","B","","","false","€0.20","€0.30","€0.00","€0.00","","","","","","","","","","","","Kc Qc  ","2h 7c 2s","",""
"19335866778","2019/12/15  7:14 pm","€0.04 NL (6 max)","-€1.40","Two Pair, Aces and Jacks","14110000","51413","Nefarious973","SB","R","BC","","","true","€0.20","€1.20","€0.00","€0.00","","","","","","","","","true","","","Ah Jd  ","5h Ac Kd","Js","6d"
"19335863997","2019/12/15  7:13 pm","€0.04 NL (6 max)","-€0.48","(folded turn)","12110000","30709","badas44","CO","R","X","RF","","false","€0.12","€0.00","€0.36","€0.00","","","","","","","","","","false","","Qc Js  ","3c 7c 9h","10s",""
"19335861342","2019/12/15  7:13 pm","€0.04 NL (6 max)","-€0.16","(folded flop)","14080000","130212","mulane16","BB","R","F","","","false","€0.16","€0.00","€0.00","€0.00","","","","","","","","","false","","","As 8h  ","Kc 2c Qc","",""
"19335850086","2019/12/15  7:11 pm","€0.04 NL (6 max)","-€0.23","(folded flop)","14090000","60513","moune44","SB","R","BF","","","false","€0.12","€0.11","€0.00","€0.00","","","","","","","","","false","","","As 9c  ","6s 5c Kd","",""
"19335845445","2019/12/15  7:10 pm","€0.04 NL (6 max)","-€0.32","One Pair, Fives","13050000","121107","Dem0nFish","BB","C","XC","XC","X","true","€0.12","€0.04","€0.16","€0.00","false","","false","","","false","","","true","true","","Ks 5s  ","Qd Jh 7h","5c","8c"
"19335822041","2019/12/15  7:07 pm","€0.04 NL (6 max)","-€0.12","One Pair, Kings","14080000","31313","Coachgmt75","BB","C","X","X","X","true","€0.12","€0.00","€0.00","€0.00","false","","","","false","","","","","","","Ac 8s  ","3s Ks Kd","6s","Jd"
"19335819402","2019/12/15  7:06 pm","€0.04 NL (6 max)","-€0.10","(folded flop)","7070000","21003","kisscool555","BTN","R","F","","","false","€0.10","€0.00","€0.00","€0.00","","","","","","","","","false","","","7h 7s  ","2h 10h 3s","",""
"19335816977","2019/12/15  7:06 pm","€0.04 NL (6 max)","-€0.12","(folded flop)","2020000","60705","Dem0nFish","MP","R","F","","","false","€0.12","€0.00","€0.00","€0.00","","","","","","","","","false","","","2h 2c  ","6h 7d 5s","",""
"19335807736","2019/12/15  7:04 pm","€0.04 NL (6 max)","€0.11","(did not show hand)","14030000","141403","Radames06","BTN","R","B","","","false","€0.10","€0.08","€0.00","€0.00","","","","","","","","","","","","Ad 3s  ","As Ac 3h","",""
"19335797061","2019/12/15  7:03 pm","€0.04 NL (6 max)","-€0.44","One Pair, Aces","14020000","50706","Dem0nFish","BB","C","X","X","XC","true","€0.18","€0.00","€0.00","€0.26","false","","","","false","","","","","","true","As 2s  ","5c 7c 6d","Jd","Ac"
"19335789469","2019/12/15  7:01 pm","€0.04 NL (6 max)","-€0.42","(folded river)","14100000","121105","moune44","CO","R","B","B","XF","false","€0.12","€0.10","€0.20","€0.00","","","","","","","","","","","false","As 10h  ","Qd Jc 5c","Qh","10c"
"19335787648","2019/12/15  7:00 pm","€0.04 NL (6 max)","€0.51","(did not show hand)","14130000","110506","Radames06","CO","R","B","B","B","false","€0.12","€0.10","€0.30","€0.77","","","","","","","","","","","","Ah Kd  ","Jc 5s 6d","Ks","3d"
"19335785847","2019/12/15  7:00 pm","€0.04 NL (6 max)","€0.22","One Pair, Eights","13080000","120903","Radames06","BTN","R","X","C","X","true","€0.10","€0.00","€0.11","€0.00","","","","","","","","","","true","","Kd 8d  ","Qd 9s 3c","4d","8s"
"19335779348","2019/12/15  6:58 pm","€0.04 NL (6 max)","-€0.12","(folded flop)","9080000","120510","kisscool555","BTN","C","F","","","false","€0.12","€0.00","€0.00","€0.00","","","","","","","","","false","","","9s 8s  ","Qs 5d 10h","6s","10c"
"19335775669","2019/12/15  6:56 pm","€0.04 NL (6 max)","-€0.10","(folded turn)","10090000","140407","badas44","BTN","R","X","F","","false","€0.10","€0.00","€0.00","€0.00","","","","","","","","","","false","","10h 9s  ","Ah 4c 7d","3h","5c"
"19335769746","2019/12/15  6:55 pm","€0.04 NL (6 max)","€0.16","(did not show hand)","14090000","120713","Radames06","BB","R","B","","","false","€0.16","€0.16","€0.00","€0.00","","","","","","","","","","","","Ah 9d  ","Qh 7s Kc","",""
"19335761741","2019/12/15  6:53 pm","€0.04 NL (6 max)","-€0.97","Two Pair, Nines and Eights","9070000","80809","kisscool555","BB","C","B","B","X","true","€0.12","€0.22","€0.63","€0.00","","true","","","","","","","","","","9d 7d  ","8c 8h 9c","7h","10s"
"19335753055","2019/12/15  6:51 pm","€0.04 NL (6 max)","-€0.43","(folded river)","13110000","41403","Yohann_GG","BB","C","X","BC","XF","false","€0.10","€0.00","€0.33","€0.00","false","","","","true","false","","","","true","false","Kh Js  ","4c Ad 3c","10d","9h"
"19335748598","2019/12/15  6:51 pm","€0.04 NL (6 max)","-€0.10","(folded flop)","10070000","50902","Yohann_GG","BTN","R","F","","","false","€0.10","€0.00","€0.00","€0.00","","","","","","","","","false","","","10d 7d  ","5s 9h 2h","",""
"19335730841","2019/12/15  6:47 pm","€0.04 NL (6 max)","-€0.20","(folded river)","4040000","50709","titi741","SB","RC","X","X","XF","false","€0.20","€0.00","€0.00","€0.00","false","","","","false","","","","","","false","4c 4s  ","5d 7d 9h","Ac","8d"
"19335713377","2019/12/15  6:44 pm","€0.04 NL (6 max)","€0.57","Two Pair, Aces and Queens","14090000","21204","Radames06","BB","C","XC","X","B","true","€0.08","€0.18","€0.00","€0.29","false","","false","","","","","","true","","","Ac 9c  ","2d Qs 4d","Qd","As"
"19335685046","2019/12/15  6:39 pm","€0.04 NL (6 max)","-€0.12","(folded flop)","13110000","111009","Ruslaan_DJ","CO","C","F","","","false","€0.12","€0.00","€0.00","€0.00","","","","","","","","","false","","","Ks Js  ","Jh 10h 9h","6d","Qd"
"19335665195","2019/12/15  6:35 pm","€0.04 NL (6 max)","-€0.04","(folded flop)","11030000","130608","Pascal4988","BB","X","XF","","","false","€0.04","€0.00","€0.00","€0.00","","","","","","","","","false","","","Jd 3s  ","Kc 6c 8d","",""
"19335660854","2019/12/15  6:34 pm","€0.04 NL (6 max)","-€0.08","(folded flop)","14110000","20305","RICO73630","BB","C","F","","","false","€0.08","€0.00","€0.00","€0.00","","","","","","","","","false","","","Ah Jc  ","2h 3h 5d","Kh",""
"19335612721","2019/12/15  6:26 pm","€0.04 NL (6 max)","€0.29","One Pair, Queens","12080000","20509","Radames06","SB","R","X","X","X","true","€0.16","€0.00","€0.00","€0.00","","","","","","","","","","","","Qs 8s  ","2d 5c 9s","Ad","Qc"
"19335588063","2019/12/15  6:21 pm","€0.04 NL (6 max)","-€0.14","One Pair, Sevens","7070000","41103","RICO73630","SB","C","XC","X","X","true","€0.04","€0.10","€0.00","€0.00","","","false","","","","","","true","","","7d 7s  ","4c Jh 3s","10h","2s"
"19335575301","2019/12/15  6:19 pm","€0.04 NL (6 max)","€0.15","(did not show hand)","12120000","141013","Radames06","MP","R","B","","","false","€0.12","€0.13","€0.00","€0.00","","","","","","","","","","","","Qc Qs  ","Ac 10d Kc","",""
"19335563978","2019/12/15  6:17 pm","€0.04 NL (6 max)","-€0.16","(folded flop)","14060000","121102","marcoun","BTN","R","F","","","false","€0.16","€0.00","€0.00","€0.00","","","","","","","","","false","","","Ac 6s  ","Qh Jd 2s","",""
"19335555363","2019/12/15  6:16 pm","€0.04 NL (6 max)","€0.13","(did not show hand)","9090000","71312","Radames06","MP","R","B","","","false","€0.12","€0.12","€0.00","€0.00","","","","","","","","","","","","9d 9s  ","7d Kc Qd","",""
"19335553774","2019/12/15  6:15 pm","€0.04 NL (6 max)","-€0.04","(folded flop)","8040000","120605","RICO73630","BB","X","F","","","false","€0.04","€0.00","€0.00","€0.00","","","","","","","","","false","","","8c 4s  ","Qs 6h 5c","6c","Qc"
"19335547911","2019/12/15  6:14 pm","€0.04 NL (6 max)","€4.22","Flush, Ace High","14110000","121306","Radames06","EP","RC","R","","","true","€0.64","€3.56","€0.00","€0.00","","","","","","","","","false","","","As Js  ","Qc Ks 6s","3s","5s"
"19335543887","2019/12/15  6:14 pm","€0.04 NL (6 max)","-€0.11","One Pair, Sixes","8060000","30414","xinxanxon1","BB","X","X","B","X","true","€0.04","€0.00","€0.07","€0.00","","","","","","","","","","","","8d 6s  ","3s 4d As","6c","2h"
"19335536628","2019/12/15  6:12 pm","€0.04 NL (6 max)","€0.16","One Pair, Threes","14110000","60703","Radames06","MP","R","X","X","X","true","€0.12","€0.00","€0.00","€0.00","","","","","","","","","","","","Ah Jc  ","6d 7c 3d","3h","5c"
"19335535548","2019/12/15  6:12 pm","€0.04 NL (6 max)","€0.83","Two Pair, Kings and Jacks","14110000","131113","Radames06","CO","C","C","C","X","true","€0.08","€0.21","€0.60","€0.00","","","","","","","false","","true","true","","Ad Jh  ","Kh Jc Ks","4h","5h"
"19335528190","2019/12/15  6:11 pm","€0.04 NL (6 max)","-€0.04","(folded turn)","12080000","41404","Pascal4988","BB","X","X","XF","","false","€0.04","€0.00","€0.00","€0.00","","","","","","","","","","false","","Qh 8h  ","4h Ac 4c","7c",""
"19335523080","2019/12/15  6:10 pm","€0.04 NL (6 max)","-€0.62","(folded turn)","14040000","140313","titi741","BB","R","B","XF","","false","€0.30","€0.32","€0.00","€0.00","","","","","","","","","","false","","As 4s  ","Ad 3d Kd","Jc",""
"19335521089","2019/12/15  6:09 pm","€0.04 NL (6 max)","€0.16","(did not show hand)","6060000","90313","Radames06","EP","R","B","","","false","€0.12","€0.12","€0.00","€0.00","","","","","","","","","","","","6s 6d  ","9h 3h Kc","",""
"19335055893","2019/12/15  4:29 pm","€0.04 NL (6 max)","-€0.10","(folded turn)","11070000","60612","guillaume627","BTN","R","X","F","","false","€0.10","€0.00","€0.00","€0.00","","","","","","","","","","false","","Jc 7c  ","6s 6h Qs","4c",""
"19335051287","2019/12/15  4:28 pm","€0.04 NL (6 max)","-€6.54","Two Pair, Eights and Sevens","14130000","70808","SoOpa LovA","SB","RRR","","","","true","€7.11","€0.00","€0.00","€0.00","","","","","","","","","","","","Ah Kh  ","7h 8d 8s","5h","7c"
"19335049234","2019/12/15  4:27 pm","€0.04 NL (6 max)","-€0.04","(folded turn)","7020000","130511","guillaume627","BB","X","X","F","","false","€0.04","€0.00","€0.00","€0.00","","","","","","","","","","false","","7s 2s  ","Kc 5d Jh","4h",""
"19335049169","2019/12/15  4:27 pm","€0.04 NL (6 max)","-€0.12","(folded flop)","4040000","140713","Nothing88.","SB","C","XF","","","false","€0.12","€0.00","€0.00","€0.00","false","","","","","","","","false","","","4c 4h  ","Ah 7h Ks","",""
"19335037406","2019/12/15  4:24 pm","€0.04 NL (6 max)","€0.07","(did not show hand)","8070000","101006","Radames06","BB","C","B","","","false","€0.08","€0.07","€0.00","€0.00","","true","","","","","","","","","","8s 7d  ","10c 10d 6s","",""
"19335014309","2019/12/15  4:18 pm","€0.04 NL (6 max)","-€0.16","(folded flop)","11060000","50312","SoOpa LovA","BTN","R","F","","","false","€0.16","€0.00","€0.00","€0.00","","","","","","","","","false","","","Jd 6d  ","5d 3c Qs","9h","4h"
"19335006892","2019/12/15  4:16 pm","€0.04 NL (6 max)","-€0.04","(folded flop)","11070000","80705","fanou13010","BB","X","F","","","false","€0.04","€0.00","€0.00","€0.00","","","","","","","","","false","","","Jh 7c  ","8s 7s 5h","8c",""
"19335002438","2019/12/15  4:15 pm","€0.04 NL (6 max)","€0.54","(did not show hand)","14130000","100407","Radames06","MP","R","B","X","B","false","€0.16","€0.24","€0.00","€0.31","","","","","","","","","","","","Ad Kc  ","10d 4d 7h","Jh","Kh"
"19334992738","2019/12/15  4:13 pm","€0.04 NL (6 max)","€1.19","Three of a Kind, Nines","9090000","90411","Radames06","SB","C","XC","XR","","true","€0.16","€0.17","€1.14","€0.00","false","","false","","","","","","true","false","","9s 9h  ","9c 4s Jc","Ah","3h"
"19334966844","2019/12/15  4:06 pm","€0.04 NL (6 max)","-€0.36","(folded turn)","14090000","130608","Thomasgbt","BB","R","B","XF","","false","€0.16","€0.20","€0.00","€0.00","","","","","","","","","","false","","Ah 9d  ","Kd 6d 8c","Kc",""
"19334962950","2019/12/15  4:05 pm","€0.04 NL (6 max)","€0.22","(did not show hand)","13060000","140207","Radames06","BB","C","C","B","","false","€0.12","€0.13","€0.31","€0.00","","","","true","","","","","true","","","Kc 6d  ","Ac 2h 7h","10s",""
"19334956936","2019/12/15  4:04 pm","€0.04 NL (6 max)","€0.06","(did not show hand)","11060000","30613","Radames06","BB","X","X","X","B","false","€0.04","€0.00","€0.00","€0.10","","","","","","","","","","","","Jh 6h  ","3c 6c Ks","Qc","6d"
"19334942464","2019/12/15  4:00 pm","€0.04 NL (6 max)","-€0.16","(folded flop)","12060000","20711","Al3x4ndru1","SB","R","XF","","","false","€0.16","€0.00","€0.00","€0.00","","","","","","","","","false","","","Qc 6c  ","2h 7d Jh","",""
"19334940023","2019/12/15  3:59 pm","€0.04 NL (6 max)","€0.25","(did not show hand)","14070000","60714","Radames06","BB","R","XR","","","false","€0.16","€0.44","€0.00","€0.00","","","","","","","","","false","","","As 7s  ","6s 7d Ah","",""
"19334939142","2019/12/15  3:58 pm","€0.04 NL (6 max)","-€0.21","One Pair, Fives","12100000","70503","jardinier1","BTN","R","X","C","X","true","€0.10","€0.00","€0.11","€0.00","","","","","","","","","","true","","Qc 10s  ","7h 5d 3c","5h","6s"
"19334926539","2019/12/15  3:54 pm","€0.04 NL (6 max)","€0.26","(did not show hand)","14050000","100908","Radames06","CO","R","B","B","","false","€0.12","€0.13","€0.14","€0.00","","","","","","","","","","","","As 5s  ","10s 9s 8h","8s",""
"19334923738","2019/12/15  3:53 pm","€0.04 NL (6 max)","-€0.20","One Pair, Tens","9080000","100710","jardinier1","BTN","R","B","X","X","true","€0.10","€0.10","€0.00","€0.00","","","","","","","","","","","","9d 8d  ","10h 7s 10d","3s","4s"
"19334916286","2019/12/15  3:51 pm","€0.04 NL (6 max)","-€0.20","(folded turn)","8080000","130406","Enfollonao","MP","R","XC","XF","","false","€0.12","€0.08","€0.00","€0.00","","","false","","","","","","true","false","","8s 8d  ","Kc 4s 6s","Kh",""
"19334915013","2019/12/15  3:50 pm","€0.04 NL (6 max)","€0.40","(did not show hand)","13110000","70705","Radames06","MP","R","XC","X","B","false","€0.12","€0.18","€0.00","€0.35","","","false","","","","","","true","","","Ks Jh  ","7h 7c 5d","Js","4c"
"19334911073","2019/12/15  3:49 pm","€0.04 NL (6 max)","-€0.12","(folded flop)","10070000","140403","Al3x4ndru1","CO","R","F","","","false","€0.12","€0.00","€0.00","€0.00","","","","","","","","","false","","","10c 7c  ","Ac 4d 3d","6d","7h"
"19334899877","2019/12/15  3:46 pm","€0.04 NL (6 max)","-€0.20","One Pair, Fives","5050000","20612","jardinier1","BTN","R","B","X","X","true","€0.10","€0.10","€0.00","€0.00","","","","","","","","","","","","5d 5c  ","2d 6d Qs","10d","Kc"
"19334891989","2019/12/15  3:44 pm","€0.04 NL (6 max)","€0.06","Two Pair, Kings and Eights","11050000","130308","Radames06","BB","X","X","X","X","true","€0.04","€0.00","€0.00","€0.00","","","","","","","","","","","","Jh 5d  ","Ks 3h 8c","Kh","8s"
"19334891129","2019/12/15  3:43 pm","€0.04 NL (6 max)","-€0.12","(folded turn)","13110000","20408","jardinier1","SB","R","X","XF","","false","€0.12","€0.00","€0.00","€0.00","","","","","","","","","","false","","Kd Jh  ","2c 4h 8s","6d",""
"19334883893","2019/12/15  3:41 pm","€0.04 NL (6 max)","€0.06","(did not show hand)","14060000","121113","Radames06","BB","X","X","B","","false","€0.04","€0.00","€0.08","€0.00","","","","","","","","","","","","Ad 6s  ","Qh Jh Kd","Qc",""
"19334870971","2019/12/15  3:37 pm","€0.04 NL (6 max)","-€0.12","(folded flop)","14090000","110310","ElonMuskK","BB","C","F","","","false","€0.12","€0.00","€0.00","€0.00","","","","","","","","","false","","","As 9c  ","Jd 3h 10h","10d","3c"
"19334868574","2019/12/15  3:36 pm","€0.04 NL (6 max)","€3.53","Straight, King High","13110000","120306","Radames06","MP","R","X","X","BRR","true","€0.12","€0.00","€0.00","€3.88","","","","","","","","","","","false","Ks Js  ","Qd 3s 6c","9d","10c"
"19334865179","2019/12/15  3:35 pm","€0.04 NL (6 max)","-€0.12","(folded flop)","9070000","30212","Inconnu35","BTN","R","F","","","false","€0.12","€0.00","€0.00","€0.00","","","","","","","","","false","","","9s 7s  ","3s 2d Qd","",""
"19334863025","2019/12/15  3:35 pm","€0.04 NL (6 max)","€0.11","(did not show hand)","13100000","31312","Radames06","SB","R","X","B","","false","€0.12","€0.00","€0.15","€0.00","","","","","","","","","","","","Ks 10h  ","3h Kc Qc","Kh",""
"19334860026","2019/12/15  3:34 pm","€0.04 NL (6 max)","-€0.04","(folded turn)","14030000","50509","Al3x4ndru1","BB","X","X","XF","","false","€0.04","€0.00","€0.00","€0.00","","","","","","","","","","false","","As 3h  ","5c 5h 9c","Kh",""
"19334855251","2019/12/15  3:32 pm","€0.04 NL (6 max)","€1.34","Two Pair, Aces and Nines","9090000","100511","Radames06","MP","R","XRC","X","X","true","€0.12","€1.36","€0.00","€0.00","","","false","","","","","","true","","","9s 9c  ","10d 5h Js","Ad","Ah"
"19334843795","2019/12/15  3:29 pm","€0.04 NL (6 max)","€0.06","(did not show hand)","9080000","71111","Radames06","BB","X","X","X","B","false","€0.04","€0.00","€0.00","€0.10","","","","","","","","","","","","9s 8c  ","7h Jd Jh","6h","10d"
"19334838943","2019/12/15  3:27 pm","€0.04 NL (6 max)","-€0.12","(folded flop)","13120000","111104","jardinier1","BB","C","XF","","","false","€0.12","€0.00","€0.00","€0.00","false","","","","","","","","false","","","Kc Qh  ","Js Jd 4s","5s",""
"19334665525","2019/12/15  2:30 pm","€0.04 NL (6 max)","-€0.12","(folded flop)","4040000","141002","M3phist0","CO","C","F","","","false","€0.12","€0.00","€0.00","€0.00","","","","","","","","","false","","","4d 4h  ","Ad 10d 2h","",""
"19334660935","2019/12/15  2:28 pm","€0.04 NL (6 max)","€0.11","(did not show hand)","10060000","111311","Radames06","BB","C","X","B","","false","€0.10","€0.00","€0.14","€0.00","false","","","","true","","","","","","","10s 6s  ","Jh Kd Js","8s",""
"19334650514","2019/12/15  2:25 pm","€0.04 NL (6 max)","€0.03","Two Pair, Aces and Nines","14080000","130909","[Split Pot]","CO","R","X","B","B","true","€0.12","€0.00","€0.11","€0.28","","","","","","","","","","","","Ah 8d  ","Kc 9h 9s","As","Jh"
"19334646116","2019/12/15  2:23 pm","€0.04 NL (6 max)","€0.37","Two Pair, Queens and Sevens","12090000","121107","Radames06","BTN","R","B","B","X","true","€0.10","€0.10","€0.20","€0.00","","","","","","","","","","","","Qc 9h  ","Qh Jh 7c","7h","Kd"
"19334641692","2019/12/15  2:22 pm","€0.04 NL (6 max)","-€0.12","(folded flop)","10100000","31304","SoOpa LovA","MP","C","F","","","false","€0.12","€0.00","€0.00","€0.00","","","","","","","","","false","","","10h 10c  ","3c Kd 4d","2h","Jd"
"19334631458","2019/12/15  2:18 pm","€0.04 NL (6 max)","-€0.71","(folded turn)","6050000","51110","SoOpa LovA","SB","R","B","XF","","false","€0.36","€0.35","€0.00","€0.00","","","","","","","","","","false","","6d 5d  ","5c Js 10s","9c",""
"19334630053","2019/12/15  2:18 pm","€0.04 NL (6 max)","-€0.04","(folded turn)","4020000","50911","Foo Fighters","BB","X","X","F","","false","€0.04","€0.00","€0.00","€0.00","","","","","","","","","","false","","4s 2c  ","5c 9c Js","6h",""
"19334626949","2019/12/15  2:17 pm","€0.04 NL (6 max)","-€0.12","(folded flop)","14040000","81207","hardennes4208","EP","R","XF","","","false","€0.12","€0.00","€0.00","€0.00","","","","","","","","","false","","","Ah 4h  ","8d Qd 7c","",""
"19334616277","2019/12/15  2:13 pm","€0.04 NL (6 max)","-€0.24","(folded river)","11070000","71210","mabab","CO","R","B","X","XF","false","€0.12","€0.12","€0.00","€0.00","","","","","","","","","","","false","Js 7s  ","7h Qs 10h","Ad","4s"
"19334610030","2019/12/15  2:11 pm","€0.04 NL (6 max)","-€0.71","Two Pair, Kings and Jacks","13120000","91306","mcamajtg","SB","C","X","B","B","true","€0.12","€0.00","€0.22","€0.37","false","","","","true","","","","","","","Kc Qh  ","9d Kd 6c","Jd","Js"
"19334605344","2019/12/15  2:10 pm","€0.04 NL (6 max)","-€1.32","(folded river)","10100000","40807","mcamajtg","BB","R","B","XC","XF","false","€0.30","€0.38","€0.64","€0.00","","","","","","false","","","","true","false","10c 10s  ","4d 8s 7h","Kh","2h"
"19334595447","2019/12/15  2:06 pm","€0.04 NL (6 max)","-€0.10","(folded turn)","12030000","31406","maccam97","BTN","R","X","F","","false","€0.10","€0.00","€0.00","€0.00","","","","","","","","","","false","","Qs 3s  ","3h Ad 6d","5h",""
"19334588231","2019/12/15  2:04 pm","€0.04 NL (6 max)","€1.04","(did not show hand)","12110000","141110","Radames06","BB","C","XC","XC","XR","false","€0.08","€0.08","€0.32","€2.00","false","","false","","","false","","","true","true","false","Qh Jh  ","As Jc 10h","3h","Kc"
"19334582571","2019/12/15  2:02 pm","€0.04 NL (6 max)","€0.11","(did not show hand)","14030000","31409","Radames06","BTN","R","B","","","false","€0.10","€0.12","€0.00","€0.00","","","","","","","","","","","","Ac 3c  ","3d As 9s","",""
"19334580158","2019/12/15  2:01 pm","€0.04 NL (6 max)","-€0.16","(folded flop)","13090000","110305","maccam97","BB","R","XF","","","false","€0.16","€0.00","€0.00","€0.00","","","","","","","","","false","","","Kh 9d  ","Jc 3h 5c","",""
"19334576287","2019/12/15  1:59 pm","€0.04 NL (6 max)","€0.42","Straight, Five High","14030000","40210","Radames06","BTN","R","B","B","X","true","€0.10","€0.10","€0.26","€0.00","","","","","","","","","","","","As 3d  ","4c 2d 10d","5h","Qd"
"19334572695","2019/12/15  1:57 pm","€0.04 NL (6 max)","€0.13","(did not show hand)","14110000","80907","Radames06","BB","C","X","B","","false","€0.12","€0.00","€0.12","€0.00","false","","","","true","","","","","","","Ah Js  ","8h 9h 7h","9s",""
"19334571543","2019/12/15  1:57 pm","€0.04 NL (6 max)","€0.10","(did not show hand)","12070000","30311","Radames06","BB","C","B","","","false","€0.11","€0.10","€0.00","€0.00","","true","","","","","","","","","","Qc 7c  ","3s 3c Jh","",""
"19334570093","2019/12/15  1:56 pm","€0.04 NL (6 max)","€0.16","(did not show hand)","13120000","70603","Radames06","CO","R","X","B","","false","€0.12","€0.00","€0.14","€0.00","","","","","","","","","","","","Ks Qc  ","7d 6s 3s","10s",""
"19334563967","2019/12/15  1:54 pm","€0.04 NL (6 max)","€0.15","(did not show hand)","12110000","141208","Radames06","SB","C","X","B","","false","€0.12","€0.00","€0.16","€0.00","false","","","","true","","","","","","","Qh Jh  ","Ac Qc 8c","4h",""
"19334563146","2019/12/15  1:53 pm","€0.04 NL (6 max)","€0.86","One Pair, Tens","10100000","110803","Radames06","BTN","RC","","","","true","€0.97","€0.00","€0.00","€0.00","","","","","","","","","","","","10c 10h  ","Jd 8c 3h","Kc","4s"
"19334561142","2019/12/15  1:52 pm","€0.04 NL (6 max)","€0.24","One Pair, Jacks","12110000","60503","Radames06","BB","C","X","X","X","true","€0.12","€0.00","€0.00","€0.00","false","","","","false","","","","","","","Qd Jc  ","6c 5h 3d","Ks","Js"
"19334557295","2019/12/15  1:51 pm","€0.04 NL (6 max)","€1.63","Two Pair, Eights and Sevens","8070000","20807","Radames06","EP","R","B","B","B","true","€0.12","€0.18","€0.62","€0.89","","","","","","","","","","","","8h 7h  ","2h 8c 7c","5d","As"
"19334546254","2019/12/15  1:47 pm","€0.04 NL (6 max)","€0.13","(did not show hand)","14040000","101104","Radames06","CO","R","B","","","false","€0.12","€0.12","€0.00","€0.00","","","","","","","","","","","","Ac 4c  ","10c Jd 4s","",""
"19334539710","2019/12/15  1:45 pm","€0.04 NL (6 max)","-€0.34","One Pair, Threes","10090000","30312","fistinfish","BB","C","X","XC","X","true","€0.14","€0.00","€0.20","€0.00","false","","","","false","false","","","","true","","10d 9d  ","3h 3d Qd","Kh","5h"
"19334536483","2019/12/15  1:43 pm","€0.04 NL (6 max)","-€0.10","(folded river)","10090000","81413","RebeustAAck","BTN","R","X","X","F","false","€0.10","€0.00","€0.00","€0.00","","","","","","","","","","","false","10d 9d  ","8c Ac Ks","Qd","4d"
"19334532835","2019/12/15  1:42 pm","€0.04 NL (6 max)","€0.06","Two Pair, Tens and Fives","11050000","101013","Radames06","BB","X","X","X","X","true","€0.04","€0.00","€0.00","€0.00","","","","","","","","","","","","Jc 5d  ","10s 10h Kc","7d","5h"
"19334528332","2019/12/15  1:40 pm","€0.04 NL (6 max)","€1.14","Flush, Seven High","6050000","20311","Radames06","BTN","C","C","C","C","true","€0.11","€0.24","€0.53","€0.37","","","","","","","","","true","true","true","6d 5d  ","2d 3d Jc","8c","7d"
"19334527422","2019/12/15  1:40 pm","€0.04 NL (6 max)","€0.20","(did not show hand)","13030000","120609","Radames06","BTN","R","B","","","false","€0.16","€0.11","€0.00","€0.00","","","","","","","","","","","","Ks 3s  ","Qs 6c 9s","",""
"19334516675","2019/12/15  1:36 pm","€0.04 NL (6 max)","€0.20","(did not show hand)","12050000","60807","Radames06","BTN","R","B","","","false","€0.16","€0.14","€0.00","€0.00","","","","","","","","","","","","Qc 5c  ","6s 8d 7d","",""
"19334325590","2019/12/15 12:19 pm","€0.04 NL (6 max)","-€0.20","One Pair, Jacks","12100000","110907","finalpulse","BTN","R","B","X","X","true","€0.10","€0.10","€0.00","€0.00","","","","","","","","","","","","Qs 10s  ","Jd 9c 7s","Jh","5d"
"19334321884","2019/12/15 12:18 pm","€0.04 NL (6 max)","€0.18","(did not show hand)","14120000","80513","Radames06","SB","R","B","","","false","€0.16","€0.14","€0.00","€0.00","","","","","","","","","","","","Ac Qs  ","8c 5s Kd","",""
"19334315176","2019/12/15 12:15 pm","€0.04 NL (6 max)","€0.15","(did not show hand)","4040000","51212","Radames06","MP","R","B","","","false","€0.12","€0.20","€0.00","€0.00","","","","","","","","","","","","4c 4s  ","5h Qc Qd","",""
"19334310655","2019/12/15 12:13 pm","€0.04 NL (6 max)","-€0.16","(folded flop)","13100000","70302","bouliste03","BB","R","XF","","","false","€0.16","€0.00","€0.00","€0.00","","","","","","","","","false","","","Kc 10d  ","7h 3s 2d","",""
"19334302309","2019/12/15 12:10 pm","€0.04 NL (6 max)","€0.49","One Pair, Aces","14110000","140910","Radames06","MP","R","B","X","B","true","€0.12","€0.12","€0.00","€0.25","","","","","","","","","","","","Ad Js  ","As 9c 10s","2h","Qd"
"19334301121","2019/12/15 12:09 pm","€0.04 NL (6 max)","€0.16","(did not show hand)","14100000","101106","Radames06","CO","R","B","","","false","€0.12","€0.14","€0.00","€0.00","","","","","","","","","","","","Ac 10d  ","10s Jh 6s","",""
"19334299050","2019/12/15 12:08 pm","€0.04 NL (6 max)","-€0.30","(folded flop)","11090000","30214","bouliste03","SB","R","BF","","","false","€0.16","€0.14","€0.00","€0.00","","","","","","","","","false","","","Jd 9s  ","3d 2s Ac","",""
"19334297027","2019/12/15 12:07 pm","€0.04 NL (6 max)","-€0.22","High Card, Ace","13100000","31402","GTO_777","MP","R","B","X","X","true","€0.12","€0.10","€0.00","€0.00","","","","","","","","","","","","Kd 10d  ","3d Ah 2s","4s","Qc"
"19334281248","2019/12/15 12:01 pm","€0.04 NL (6 max)","€0.54","(did not show hand)","12050000","30411","Radames06","BTN","R","C","C","B","false","€0.10","€0.14","€0.27","€0.70","","","","","","","","","true","true","","Qs 5s  ","3c 4s Js","Ks","Qc"
"19334279515","2019/12/15 12:00 pm","€0.04 NL (6 max)","€2.95","Full House, Aces full of Queens","14030000","141413","Radames06","SB","R","B","B","B","true","€0.12","€0.16","€0.62","€2.52","","","","","","","","","","","","As 3d  ","Ad Ac Kd","Qh","Qs"
"19334275357","2019/12/15 11:57 am","€0.04 NL (6 max)","€0.51","Flush, King High","13110000","91212","Radames06","MP","R","B","X","B","true","€0.12","€0.10","€0.00","€0.30","","","","","","","","","","","","Kc Jc  ","9c Qh Qc","9h","2c"
"19334274338","2019/12/15 11:57 am","€0.04 NL (6 max)","-€0.10","Two Pair, Fives and Twos","11080000","20705","Umbrela","BTN","R","X","X","X","true","€0.10","€0.00","€0.00","€0.00","","","","","","","","","","","","Jd 8h  ","2s 7s 5s","5h","2c"
"19334271136","2019/12/15 11:55 am","€0.04 NL (6 max)","€0.72","(did not show hand)","8060000","81206","Radames06","BTN","R","R","B","","false","€0.10","€0.30","€0.40","€0.00","","","","","","","","","false","","","8c 6c  ","8d Qs 6s","Ks",""
"19334270664","2019/12/15 11:55 am","€0.04 NL (6 max)","-€0.04","(folded turn)","2020000","110814","bouliste03","BB","X","X","F","","false","€0.04","€0.00","€0.00","€0.00","","","","","","","","","","false","","2s 2h  ","Jd 8s Ac","Kh","Ks"
"19334255557","2019/12/15 11:48 am","€0.04 NL (6 max)","€4.01","Two Pair, Kings and Sixes","13130000","60406","Radames06","EP","R","R","B","X","true","€0.12","€1.00","€2.15","€0.00","","","","","","","","","false","","","Kh Kc  ","6c 4s 6d","2s","7d"
"19334255015","2019/12/15 11:47 am","€0.04 NL (6 max)","-€0.04","(folded flop)","4030000","141204","babao444","BB","X","F","","","false","€0.04","€0.00","€0.00","€0.00","","","","","","","","","false","","","4d 3h  ","Ac Qs 4s","",""
"19334252017","2019/12/15 11:46 am","€0.04 NL (6 max)","-€0.66","One Pair, Nines","9090000","51102","fifi88","CO","R","XC","X","B","true","€0.12","€0.14","€0.00","€0.40","","","false","","","","","","true","","","9h 9d  ","5s Jd 2d","Kc","6h"
"19334249756","2019/12/15 11:45 am","€0.04 NL (6 max)","-€0.76","(folded flop)","10100000","130306","Dem0nFish","BTN","R","BF","","","false","€0.38","€0.38","€0.00","€0.00","","","","","","","","","false","","","10d 10s  ","Kd 3h 6c","",""
"19334247449","2019/12/15 11:44 am","€0.04 NL (6 max)","-€0.16","(folded turn)","12090000","61304","Dem0nFish","BB","C","X","F","","false","€0.16","€0.00","€0.00","€0.00","","false","","","","","","","","false","","Qs 9h  ","6s Kd 4h","5s",""
"19334244622","2019/12/15 11:43 am","€0.04 NL (6 max)","-€0.12","(folded flop)","2020000","61112","fifi88","EP","R","XF","","","false","€0.12","€0.00","€0.00","€0.00","","","","","","","","","false","","","2c 2s  ","6h Jc Qs","3s","Qh"
"19334242089","2019/12/15 11:42 am","€0.04 NL (6 max)","€0.20","(did not show hand)","13040000","30902","Radames06","BTN","R","B","","","false","€0.16","€0.18","€0.00","€0.00","","","","","","","","","","","","Kd 4d  ","3d 9s 2d","",""
"19334241150","2019/12/15 11:41 am","€0.04 NL (6 max)","€0.16","(did not show hand)","11100000","20804","Radames06","CO","R","X","B","","false","€0.12","€0.00","€0.10","€0.00","","","","","","","","","","","","Jc 10s  ","2d 8c 4s","9s",""
"19334234417","2019/12/15 11:38 am","€0.04 NL (6 max)","-€0.04","(folded river)","9030000","121410","fifi88","BB","X","X","X","XF","false","€0.04","€0.00","€0.00","€0.00","","","","","","","","","","","false","9d 3s  ","Qs Ac 10d","6s","4s"
"19334233519","2019/12/15 11:38 am","€0.04 NL (6 max)","€0.20","(did not show hand)","13110000","70802","Radames06","CO","R","C","B","","false","€0.12","€0.08","€0.13","€0.00","","","","","","","","","true","","","Kh Js  ","7d 8s 2d","Kc",""
"19334231029","2019/12/15 11:36 am","€0.04 NL (6 max)","€3.95","Two Pair, Queens and Fours","12120000","90403","Radames06","CO","RR","R","","","true","€1.50","€3.58","€0.00","€0.00","","","","","","","","","false","","","Qd Qc  ","9c 4h 3c","4s","Js"
"19334228753","2019/12/15 11:35 am","€0.04 NL (6 max)","-€0.04","(folded turn)","10070000","140403","bouliste03","BB","X","X","XF","","false","€0.04","€0.00","€0.00","€0.00","","","","","","","","","","false","","10c 7s  ","Ah 4d 3s","6c",""
"19334228743","2019/12/15 11:35 am","€0.04 NL (6 max)","€0.36","Two Pair, Tens and Eights","10080000","120709","Radames06","BTN","R","B","B","X","true","€0.10","€0.08","€0.19","€0.00","","","","","","","","","","","","10c 8d  ","Qs 7d 9c","10s","8s"
"19334219935","2019/12/15 11:31 am","€0.04 NL (6 max)","-€0.16","(folded flop)","14100000","50907","ValuOuPas","BTN","R","F","","","false","€0.16","€0.00","€0.00","€0.00","","","","","","","","","false","","","As 10s  ","5d 9c 7c","",""
"19334217431","2019/12/15 11:30 am","€0.04 NL (6 max)","€0.37","One Pair, Aces","14100000","41314","Radames06","BTN","R","B","X","C","true","€0.10","€0.10","€0.00","€0.20","","","","","","","","","","","true","Ac 10s  ","4s Kc Ad","7c","8h"
"19334215136","2019/12/15 11:29 am","€0.04 NL (6 max)","€0.11","(did not show hand)","5030000","31002","Radames06","BB","X","X","B","B","false","€0.04","€0.00","€0.06","€0.04","","","","","","","","","","","","5s 3c  ","3h 10h 2h","4c","9c"
"19334071307","2019/12/15 10:12 am","€0.04 NL (6 max)","€0.16","(did not show hand)","11110000","81003","Radames06","CO","R","B","","","false","€0.12","€0.20","€0.00","€0.00","","","","","","","","","","","","Jc Js  ","8c 10s 3d","",""
"19334068381","2019/12/15 10:10 am","€0.04 NL (6 max)","-€0.04","One Pair, Sevens","14040000","71005","STAN-64","BB","X","X","X","X","true","€0.04","€0.00","€0.00","€0.00","","","","","","","","","","","","Ah 4d  ","7s 10c 5d","7c","Kc"
"19334065742","2019/12/15 10:09 am","€0.04 NL (6 max)","€0.02","Two Pair, Aces and Sixes","14090000","60610","[Split Pot]","SB","C","X","X","B","true","€0.06","€0.00","€0.00","€0.17","false","","","","false","","","","","","","Ad 9d  ","6d 6h 10h","4c","Ac"
"19334064425","2019/12/15 10:08 am","€0.04 NL (6 max)","€1.36","Two Pair, Kings and Nines","13060000","30613","Radames06","BB","C","X","C","C","true","€0.12","€0.00","€0.34","€0.98","false","","","","","","","","","true","true","Kd 6d  ","3s 6s Kh","9c","9d"
"19334061968","2019/12/15 10:06 am","€0.04 NL (6 max)","-€0.48","(folded river)","14120000","81103","hardennes4208","CO","R","B","B","XF","false","€0.12","€0.12","€0.24","€0.00","","","","","","","","","","","false","Ac Qs  ","8c Jc 3s","6d","5d"
"19334060232","2019/12/15 10:05 am","€0.04 NL (6 max)","-€0.12","High Card, Queen","12100000","41105","pm4500","CO","R","X","X","X","true","€0.12","€0.00","€0.00","€0.00","","","","","","","","","","","","Qd 10s  ","4h Jd 5c","3d","7h"
"19334059533","2019/12/15 10:04 am","€0.04 NL (6 max)","-€0.16","One Pair, Tens","12090000","20310","SRITATHATA","BTN","R","X","X","X","true","€0.16","€0.00","€0.00","€0.00","","","","","","","","","","","","Qh 9d  ","2s 3h 10h","10s","Ks"
"19334057970","2019/12/15 10:03 am","€0.04 NL (6 max)","€0.17","One Pair, Eights","10080000","80711","Radames06","BB","C","X","X","X","true","€0.08","€0.00","€0.00","€0.00","false","","","","false","","","","","","","10s 8s  ","8h 7h Js","3h","5s"
"19334055986","2019/12/15 10:02 am","€0.04 NL (6 max)","-€0.12","(folded flop)","4040000","21308","hardennes4208","MP","R","XF","","","false","€0.12","€0.00","€0.00","€0.00","","","","","","","","","false","","","4c 4s  ","2s Kh 8h","",""
"19334055326","2019/12/15 10:01 am","€0.04 NL (6 max)","-€0.12","(folded flop)","12100000","60905","pm4500","CO","R","F","","","false","€0.12","€0.00","€0.00","€0.00","","","","","","","","","false","","","Qh 10s  ","6s 9c 5d","",""
"19334053725","2019/12/15 10:00 am","€0.04 NL (6 max)","-€0.12","(folded turn)","14110000","50206","Minato50Syl","BTN","C","X","F","","false","€0.12","€0.00","€0.00","€0.00","","false","","","","","","","","false","","Ad Js  ","5h 2h 6s","4c",""
"19334053366","2019/12/15 10:00 am","€0.04 NL (6 max)","-€0.04","(folded flop)","12070000","110803","pm4500","BB","X","XF","","","false","€0.04","€0.00","€0.00","€0.00","","","","","","","","","false","","","Qh 7s  ","Js 8d 3h","",""
"19334051417","2019/12/15  9:58 am","€0.04 NL (6 max)","€0.22","(did not show hand)","10090000","121007","Radames06","BTN","R","B","B","","false","€0.10","€0.10","€0.21","€0.00","","","","","","","","","","","","10d 9d  ","Qh 10c 7c","5c",""
"19334045011","2019/12/15  9:53 am","€0.04 NL (6 max)","-€0.10","(folded flop)","14080000","51312","Minato50Syl","BB","C","XF","","","false","€0.10","€0.00","€0.00","€0.00","false","","","","","","","","false","","","Ad 8c  ","5c Kh Qs","",""
"19334044878","2019/12/15  9:53 am","€0.04 NL (6 max)","-€0.04","(folded flop)","2020000","101307","pm4500","BTN","C","F","","","false","€0.04","€0.00","€0.00","€0.00","","","","","","","","","false","","","2s 2h  ","10c Kd 7s","",""
"19334043561","2019/12/15  9:52 am","€0.04 NL (6 max)","-€0.12","(folded flop)","7070000","110603","GTO_777","SB","C","XF","","","false","€0.12","€0.00","€0.00","€0.00","false","","","","","","","","false","","","7d 7c  ","Jd 6h 3s","Qh","7s"
"19334040078","2019/12/15  9:50 am","€0.04 NL (6 max)","-€0.12","(folded flop)","14020000","71005","SRITATHATA","EP","R","F","","","false","€0.12","€0.00","€0.00","€0.00","","","","","","","","","false","","","As 2s  ","7d 10d 5c","",""
"19334038719","2019/12/15  9:49 am","€0.04 NL (6 max)","€0.20","(did not show hand)","12080000","140402","Radames06","BTN","R","X","B","","false","€0.16","€0.00","€0.18","€0.00","","","","","","","","","","","","Qc 8c  ","Ad 4h 2s","8h",""
"19334036334","2019/12/15  9:47 am","€0.04 NL (6 max)","-€0.26","(folded river)","13120000","40314","pm4500","BB","R","B","X","XF","false","€0.16","€0.10","€0.00","€0.00","","","","","","","","","","","false","Kc Qc  ","4c 3h Ah","7s","Jd"
"19334033756","2019/12/15  9:45 am","€0.04 NL (6 max)","-€1.05","Two Pair, Queens and Fours","13120000","51112","pm4500","BTN","CC","C","C","X","true","€0.20","€0.29","€0.56","€0.00","","","","","","","false","","true","true","","Kc Qd  ","5h Js Qs","4c","4h"
"19334032342","2019/12/15  9:44 am","€0.04 NL (6 max)","-€0.20","(folded flop)","14100000","141207","SRITATHATA","SB","R","BF","","","false","€0.12","€0.08","€0.00","€0.00","","","","","","","","","false","","","Ah 10c  ","Ac Qs 7c","",""
"19334030423","2019/12/15  9:43 am","€0.04 NL (6 max)","€0.40","Two Pair, Aces and Kings","14130000","91307","Radames06","CO","R","B","B","X","true","€0.12","€0.12","€0.20","€0.00","","","","","","","","","","","","As Kc  ","9s Kh 7c","Ac","Jd"
